artist_name,channel_id,channel_title
Jack - J97,UChUJa1JyBc7Lc4orkiNKKQg,J97
Phương Mỹ Chi,UCW2YNEZsiQSsF7CcCLpGNoQ,Phương Mỹ Chi - Topic
DTAP,UCzEhWhrRUdRgxh_UuFpUuzQ,DTAP
Quốc Thiên,UCz6qkvCBVjV7MitwlQ75lhQ,Trinh Quoc Thien LS-Từ Thủ Ðô TiVi News
Dangrangto,UCiYnPsQGCmqqxaAxo9j178g,Dangrangto
buitruonglinh,UCd23_I7g0mes9U5nL1XaPfw,buitruonglinh - Topic
Quang Hùng MasterD,UCQ4snivOmAYFUR1vdFOwMKw,Quang Hùng MasterD
RPT MCK,UCDRWYq4se6zr4MCLBorlVZg,RPT MCK - Topic
Dat G,UC11GWWO36CMF0ErZtFH94Lg,Dat G - Topic
DONAL,UCoXsQQbgNWemtL-JrskQ3Ww,Donal Hancock
